HousValue,CRIM,ZN,INDUS,CHAS,NOX,RM,AGE,DIS,RAD,TAX,PTRATIO,B,LSTAT
12.7,1.131,0.0,8.14,0,0.538,5.713,94.1,4.233,4,307,21.0,360.17,22.6
14.5,0.988,0.0,8.14,0,0.538,5.813,100.0,4.095,4,307,21.0,394.539,19.88
14.8,0.956,0.0,8.14,0,0.538,6.047,88.8,4.453,4,307,21.0,306.379,17.28
16.6,0.672,0.0,8.14,0,0.538,5.813,90.3,4.682,4,307,21.0,376.879,14.81
18.9,0.064,0.0,5.96,0,0.499,5.933,68.2,3.36,5,279,19.2,396.898,9.68
19.4,0.22,0.0,6.91,0,0.448,5.602,62.0,6.088,3,233,17.9,396.898,16.2
19.9,0.627,0.0,8.14,0,0.538,5.834,56.5,4.499,4,307,21.0,395.619,8.47
21.2,0.123,0.0,6.91,0,0.448,6.069,40.0,5.721,3,233,17.9,389.389,9.55
21.6,0.027,0.0,7.07,0,0.469,6.421,78.9,4.967,2,242,17.8,396.898,9.14
24.0,0.006,18.0,2.31,0,0.538,6.575,65.2,4.09,1,296,15.3,396.898,4.98
24.7,0.175,0.0,5.96,0,0.499,5.966,30.2,3.847,5,279,19.2,393.43,10.13
25.3,0.141,0.0,6.91,0,0.448,6.169,6.6,5.721,3,233,17.9,383.369,5.81
26.6,0.127,0.0,6.91,0,0.448,6.77,2.9,5.721,3,233,17.9,385.408,4.84
34.9,0.034,75.0,2.95,0,0.428,7.024,15.8,5.401,3,252,18.3,395.619,1.98
16.0,0.172,25.0,5.13,0,0.453,5.966,93.4,6.818,8,284,19.7,378.078,14.44
19.4,0.044,80.0,3.37,0,0.398,5.787,31.1,6.611,4,337,16.1,396.898,10.24
20.5,0.043,21.0,5.64,0,0.439,6.115,63.0,6.815,4,243,16.8,393.969,9.43
21.2,0.056,0.0,12.83,0,0.437,6.232,53.7,5.014,5,398,18.7,386.398,12.34
21.7,0.159,0.0,10.81,0,0.413,5.961,17.5,5.287,4,305,19.2,376.939,9.88
22.5,0.052,0.0,4.49,0,0.449,6.015,45.1,4.427,3,247,18.5,395.988,12.86
22.9,0.036,25.0,4.86,0,0.426,6.167,46.7,5.401,4,281,19.0,390.639,7.51
23.3,0.154,25.0,5.13,0,0.453,6.145,29.2,7.815,8,284,19.7,390.68,6.86
28.4,0.122,0.0,2.89,0,0.445,6.625,57.8,3.495,2,276,18.0,357.979,6.65
28.7,0.053,0.0,3.41,0,0.489,7.079,63.1,3.414,2,270,17.8,396.059,5.7
31.6,0.014,100.0,1.32,0,0.411,6.816,40.5,8.325,5,256,15.1,392.898,3.95
14.0,0.291,0.0,21.89,0,0.624,6.174,93.6,1.612,4,437,21.2,388.078,24.16
15.4,2.734,0.0,19.58,0,0.871,5.597,94.9,1.526,5,403,14.7,351.85,21.45
16.2,0.259,0.0,21.89,0,0.624,5.693,96.0,1.788,4,437,21.2,392.109,17.19
17.4,0.323,0.0,21.89,0,0.624,5.942,93.5,1.967,4,437,21.2,378.25,16.9
18.7,0.222,0.0,10.01,0,0.547,6.092,95.4,2.548,6,432,17.8,396.898,17.09
18.8,0.098,0.0,25.65,0,0.581,5.879,95.8,2.006,2,188,19.1,379.379,17.58
19.3,0.212,0.0,8.56,0,0.52,6.137,87.4,2.715,5,384,20.9,394.469,13.44
21.2,0.132,0.0,10.01,0,0.547,6.176,72.5,2.73,6,432,17.8,393.299,12.04
26.5,0.114,0.0,8.56,0,0.52,6.781,71.3,2.856,5,384,20.9,395.578,7.67
17.4,1.207,0.0,19.58,0,0.605,5.875,94.6,2.426,5,403,14.7,292.289,14.43
25.0,2.924,0.0,19.58,0,0.605,6.101,93.0,2.283,5,403,14.7,240.159,9.81
29.1,0.014,60.0,2.93,0,0.401,6.604,18.8,6.22,1,265,15.6,376.699,4.38
29.6,0.06,0.0,2.46,0,0.488,6.153,68.8,3.28,3,193,17.8,387.109,13.15
30.5,0.069,45.0,3.44,0,0.437,6.739,30.8,6.48,5,398,15.2,389.709,4.69
31.1,0.022,60.0,2.93,0,0.401,6.8,9.9,6.22,1,265,15.6,393.369,5.03
39.8,0.066,0.0,2.46,0,0.488,7.765,83.3,2.741,3,193,17.8,395.559,7.56
41.3,1.224,0.0,19.58,0,0.605,6.943,97.4,1.877,5,403,14.7,363.43,4.59
50.0,1.463,0.0,19.58,0,0.605,7.489,90.8,1.971,5,403,14.7,374.43,1.73
17.6,0.206,22.0,5.86,0,0.431,5.593,76.5,7.955,7,330,19.1,372.488,12.5
23.0,0.114,0.0,13.89,1,0.55,6.373,92.4,3.363,5,276,16.4,393.738,10.5
23.7,0.128,30.0,4.93,0,0.428,6.393,7.8,7.035,6,300,16.6,374.709,5.19
24.1,0.034,82.5,2.03,0,0.415,6.162,38.4,6.27,2,348,14.7,393.77,7.43
24.5,0.164,22.0,5.86,0,0.431,6.433,49.1,7.826,7,330,19.1,374.709,9.52
25.1,0.521,0.0,6.2,1,0.507,6.631,76.5,4.148,8,307,17.4,388.449,9.54
31.7,0.463,0.0,6.2,0,0.504,7.412,76.9,3.671,8,307,17.4,376.139,5.25
42.3,0.022,82.5,2.03,0,0.415,7.61,15.7,6.27,2,348,14.7,395.379,3.11
44.8,0.315,0.0,6.2,0,0.504,8.266,78.3,2.894,8,307,17.4,385.049,4.14
50.0,0.02,95.0,2.68,0,0.416,8.034,31.9,5.118,4,224,14.7,390.549,2.88
21.1,0.299,20.0,6.96,0,0.464,5.856,42.1,4.429,3,223,18.6,388.648,13.0
21.7,0.082,0.0,13.92,0,0.437,6.009,42.3,5.503,4,289,16.0,396.898,10.4
22.3,0.046,52.5,5.32,0,0.405,6.315,45.6,7.317,6,293,16.6,396.898,7.6
23.2,0.039,52.5,5.32,0,0.405,6.209,31.3,7.317,6,293,16.6,396.898,7.14
24.8,0.043,52.5,5.32,0,0.405,6.565,22.9,7.317,6,293,16.6,371.719,9.51
28.6,0.129,0.0,13.92,0,0.437,6.678,31.1,5.96,4,289,16.0,396.898,6.27
33.1,0.061,40.0,6.41,1,0.447,6.826,27.6,4.863,4,254,17.6,393.449,4.16
36.5,0.55,20.0,3.97,0,0.647,7.206,91.6,1.93,5,264,13.0,387.889,8.1
45.4,0.036,20.0,3.33,0,0.443,7.82,64.5,4.695,5,216,14.9,387.309,3.76
46.0,0.061,20.0,3.33,1,0.443,7.645,49.7,5.212,5,216,14.9,377.068,3.01
50.0,0.015,90.0,1.21,1,0.401,7.923,24.8,5.885,1,198,13.6,395.52,3.16
17.8,0.318,0.0,9.9,0,0.544,5.914,83.2,3.999,4,304,18.4,390.699,18.33
18.5,0.03,0.0,5.19,0,0.515,5.895,59.6,5.615,5,224,20.2,394.809,10.56
20.4,0.351,0.0,7.38,0,0.493,6.041,49.9,4.721,5,287,19.6,396.898,7.7
20.7,0.037,0.0,5.19,0,0.515,6.31,38.5,6.458,5,224,20.2,389.398,6.75
22.2,0.241,0.0,7.38,0,0.493,6.083,43.7,5.416,5,287,19.6,396.898,12.79
22.8,0.493,0.0,9.9,0,0.544,6.635,82.5,3.317,4,304,18.4,396.898,4.54
23.8,0.168,0.0,7.38,0,0.493,6.426,52.3,4.54,5,287,19.6,396.898,7.2
24.8,0.044,70.0,2.24,0,0.4,6.871,47.4,7.828,5,358,14.8,390.859,6.07
25.0,0.341,0.0,7.38,0,0.493,6.415,40.1,4.721,5,287,19.6,396.898,6.12
28.4,0.055,33.0,2.18,0,0.472,6.616,58.1,3.37,7,222,18.4,393.359,8.93
32.7,0.013,35.0,1.52,0,0.442,7.241,49.3,7.038,1,284,15.5,394.738,5.49
10.2,17.867,0.0,18.1,0,0.671,6.223,100.0,1.386,24,666,20.2,393.738,21.78
12.3,7.992,0.0,18.1,0,0.7,5.52,100.0,1.533,24,666,20.2,396.898,24.56
18.6,0.072,60.0,1.69,0,0.411,5.884,18.5,10.71,4,411,18.3,392.328,7.79
19.9,3.837,0.0,18.1,0,0.77,6.251,91.1,2.295,24,666,20.2,350.648,14.19
20.6,0.107,80.0,1.91,0,0.413,5.936,19.5,10.586,4,334,22.0,376.039,5.57
21.7,3.85,0.0,18.1,1,0.77,6.395,91.0,2.505,24,666,20.2,391.34,13.27
50.0,6.539,0.0,18.1,1,0.631,7.016,97.5,1.202,24,666,20.2,392.049,2.96
8.3,24.802,0.0,18.1,0,0.693,5.349,96.0,1.703,24,666,20.2,396.898,19.77
8.5,41.529,0.0,18.1,0,0.693,5.531,85.4,1.607,24,666,20.2,329.459,27.38
10.2,12.247,0.0,18.1,0,0.584,5.837,59.7,1.998,24,666,20.2,24.65,15.69
12.6,9.925,0.0,18.1,0,0.74,6.251,96.6,2.198,24,666,20.2,388.52,16.44
13.0,7.526,0.0,18.1,0,0.713,6.417,98.3,2.185,24,666,20.2,304.209,19.31
14.1,9.329,0.0,18.1,0,0.713,6.185,98.7,2.262,24,666,20.2,396.898,18.13
17.2,7.404,0.0,18.1,0,0.597,5.617,97.9,1.455,24,666,20.2,314.639,26.4
8.1,0.207,0.0,27.74,0,0.609,5.093,98.0,1.823,4,711,20.1,318.43,29.68
13.3,6.393,0.0,18.1,0,0.584,6.162,97.4,2.206,24,666,20.2,302.76,24.1
14.1,4.752,0.0,18.1,0,0.713,6.525,86.5,2.436,24,666,20.2,50.92,18.13
14.9,9.514,0.0,18.1,0,0.713,6.728,94.1,2.496,24,666,20.2,6.68,18.71
16.8,0.224,0.0,9.69,0,0.585,6.027,79.7,2.498,6,391,19.2,396.898,14.33
18.3,0.268,0.0,9.69,0,0.585,5.794,70.6,2.893,6,391,19.2,396.898,14.1
19.1,15.576,0.0,18.1,0,0.58,5.926,71.0,2.908,24,666,20.2,368.738,18.13
19.9,4.349,0.0,18.1,0,0.58,6.167,84.0,3.033,24,666,20.2,396.898,16.29
20.1,13.075,0.0,18.1,0,0.58,5.713,56.7,2.824,24,666,20.2,396.898,14.76
21.4,7.839,0.0,18.1,0,0.655,6.209,65.4,2.963,24,666,20.2,396.898,13.22
21.4,14.334,0.0,18.1,0,0.614,6.229,88.0,1.951,24,666,20.2,383.318,13.11
21.8,0.173,0.0,9.69,0,0.585,5.707,54.0,2.382,6,391,19.2,396.898,12.01
23.2,3.569,0.0,18.1,0,0.58,6.437,75.0,2.896,24,666,20.2,393.369,14.36
29.8,4.647,0.0,18.1,0,0.614,6.98,67.6,2.533,24,666,20.2,374.68,11.66
